#co2, lat, lon, sst, sst-ave, sss, mld, chl, year, month
360.521, -60.5, -30.5, 1.62, 1.08702, 33.7396, 44.4, 0, 2014, 1
344.778, -59.5, -48.5, 2.74, 1.01689, 33.9502, 39.1, 0, 2014, 1
342.605, -59.5, -47.5, 2.76, 1.04955, 33.9434, 39.5, 0, 2014, 1
322.948, -59.5, -46.5, 2.76, 1.06548, 33.9289, 39.9, 0, 2014, 1
317.573, -59.5, -45.5, 2.73, 1.05721, 33.8518, 40.5, 0, 2014, 1
317.421, -59.5, -44.5, 2.71, 1.06715, 33.8248, 41.3, 0, 2014, 1
328.849, -59.5, -43.5, 2.78, 1.17923, 33.809, 42.3, 0, 2014, 1
310.074, -59.5, -42.5, 2.73, 1.15343, 33.7981, 43.5, 0, 2014, 1
305.004, -59.5, -41.5, 2.68, 1.09958, 33.7911, 44.8, 0, 2014, 1
310.336, -59.5, -40.5, 2.68, 1.04939, 33.7858, 46, 0, 2014, 1
313.873, -59.5, -39.5, 2.75, 0.988397, 33.7829, 47, 0, 2014, 1
315.138, -59.5, -38.5, 2.76, 0.957596, 33.7803, 47.4, 0, 2014, 1
305.074, -59.5, -37.5, 2.71, 0.939712, 33.7827, 47.3, 0, 2014, 1
311.915, -59.5, -36.5, 2.6, 0.928237, 33.7891, 46.6, 0, 2014, 1
329.104, -59.5, -35.5, 2.41, 0.90814, 33.7964, 45.7, 0, 2014, 1
318.227, -59.5, -34.5, 2.18, 0.847628, 33.8, 44.9, 0, 2014, 1
344.287, -59.5, -33.5, 1.93, 0.765833, 33.7989, 44.5, 0, 2014, 1
356.046, -59.5, -32.5, 1.69, 0.711058, 33.794, 44.5, 0, 2014, 1
361.733, -59.5, -31.5, 1.58, 0.840192, 33.7851, 45.3, 0, 2014, 1
343.23, -59.5, -30.5, 1.51, 0.853205, 33.7726, 46.6, 0, 2014, 1
311.041, -58.5, -44.5, 3.36, 1.17962, 33.8436, 42.4, 0, 2014, 1
338.088, -58.5, -43.5, 3.41, 1.23888, 33.832, 43.8, 0, 2014, 1
310.792, -58.5, -42.5, 3.37, 1.21106, 33.8286, 45.4, 0, 2014, 1
303.078, -58.5, -41.5, 3.32, 1.16064, 33.8263, 47.2, 0, 2014, 1
310.571, -58.5, -40.5, 3.3, 1.1042, 33.8255, 49.1, 0, 2014, 1
313.58, -58.5, -39.5, 3.32, 1.01782, 33.826, 50.5, 0, 2014, 1
312.283, -58.5, -38.5, 3.28, 0.98814, 33.826, 51.5, 0, 2014, 1
307.589, -58.5, -37.5, 3.17, 0.98141, 33.8316, 51.8, 0, 2014, 1
310.777, -58.5, -36.5, 2.95, 0.956987, 33.8359, 51.5, 0, 2014, 1
327.888, -58.5, -30.5, 1.75, 0.785929, 33.8168, 50.2, 0, 2014, 1
334.406, -57.5, -32.5, 2.17, 0.740608, 33.8773, 53.8, 0, 2014, 1
328.017, -57.5, -31.5, 2.18, 0.802564, 33.8737, 54.7, 0, 2014, 1
332.721, -57.5, -30.5, 2.29, 0.79093, 33.8643, 56.2, 0, 2014, 1
333.703, -56.5, -33.5, 2.65, 0.799871, 33.8956, 56.3, 0, 2014, 1
330.219, -56.5, -32.5, 2.71, 0.77423, 33.9038, 56.8, 0, 2014, 1
339.993, -55.5, -34.5, 3.11, 0.72173, 33.8799, 54.6, 0, 2014, 1
332.997, -55.5, -33.5, 3.26, 0.702403, 33.8969, 55.5, 0, 2014, 1
340.784, -54.5, -34.5, 4.01, 0.634615, 33.8563, 52.2, 0, 2014, 1
340.508, -53.5, -36.5, 5.18, 1.27914, 33.7537, 46.4, 0, 2014, 1
346.656, -53.5, -35.5, 5.2, 0.880513, 33.8029, 47.6, 0, 2014, 1
324.061, -52.5, -35.5, 6.78, 1.0701, 33.801, 43.2, 0, 2014, 1
306.102, -51.5, -35.5, 8.17, 1.09446, 33.8089, 39.7, 0, 2014, 1
303.779, -51.5, -34.5, 8.44, 1.03327, 33.8239, 39.9, 0, 2014, 1
298.281, -50.5, -34.5, 9.52, 1.15952, 33.8459, 37, 0, 2014, 1
335.997, -50.5, -33.5, 9.62, 1.1607, 33.8587, 37.3, 0, 2014, 1
336.389, -49.5, -34.5, 10.27, 1.21083, 33.8997, 34.7, 0, 2014, 1
354.218, -49.5, -33.5, 10.26, 1.18955, 33.9048, 34.5, 0, 2014, 1
355.74, -48.5, -33.5, 10.69, 1.06808, 33.9773, 31, 0, 2014, 1
349.905, -48.5, -32.5, 10.65, 1.02313, 33.9813, 31.3, 0, 2014, 1
348.572, -47.5, -32.5, 11.17, 0.799741, 34.0609, 26.3, 0, 2014, 1
355.504, -46.5, -32.5, 12.2, 0.842149, 34.1444, 23.9, 0, 2014, 1
354.193, -46.5, -31.5, 12.59, 1.04968, 34.1406, 24.8, 0, 2014, 1
348.977, -45.5, -31.5, 13.73, 1.11382, 34.225, 24.3, 0, 2014, 1
348.865, -45.5, -30.5, 13.73, 1.0925, 34.2248, 26.7, 0, 2014, 1
339.893, -44.5, -30.5, 14.75, 1.12231, 34.3228, 28.7, 0, 2014, 1
336.859, -43.5, -30.5, 15.66, 1.20891, 34.4446, 49.2, 0, 2014, 1
329.882, -43.5, -29.5, 15.46, 1.0617, 34.4499, 51.4, 0, 2014, 1
325.609, -42.5, -29.5, 16.31, 1.14792, 34.5996, 52.2, 0, 2014, 1
314.619, -41.5, -29.5, 17.27, 1.42456, 34.7679, 51.9, 0, 2014, 1
327.073, -41.5, -28.5, 17.31, 1.46507, 34.774, 52.1, 0, 2014, 1
320.791, -40.5, -28.5, 18.52, 1.90845, 34.9385, 48.2, 0, 2014, 1
314.382, -40.5, -27.5, 18.92, 2.28711, 34.945, 46.4, 0, 2014, 1
320.982, -39.5, -27.5, 20.02, 2.53837, 35.089, 39.1, 0, 2014, 1
340.615, -38.5, -27.5, 20.98, 2.70433, 35.2087, 34.6, 0, 2014, 1
337.126, -38.5, -26.5, 20.89, 2.70564, 35.2041, 33.1, 0, 2014, 1
340.319, -37.5, -26.5, 21.62, 2.64307, 35.2958, 30.7, 0, 2014, 1
354.965, -37.5, -25.5, 21.37, 2.58525, 35.2916, 29.6, 0, 2014, 1
366.358, -36.5, -25.5, 21.93, 2.33429, 35.3623, 27.3, 0, 2014, 1
384.319, -35.5, -25.5, 22.4, 2.0024, 35.4198, 25.9, 0, 2014, 1
399.073, -35.5, -24.5, 22.28, 2.0574, 35.4159, 25.5, 0, 2014, 1
409.276, -34.5, -25.5, 22.94, 1.82302, 35.4664, 24.9, 0, 2014, 1
411.219, -34.5, -24.5, 22.83, 1.87052, 35.4607, 24.8, 0, 2014, 1
416.5, -33.5, -25.5, 23.55, 1.83937, 35.5066, 24, 0, 2014, 1
413.531, -33.5, -24.5, 23.42, 1.85622, 35.4959, 23.8, 0, 2014, 1
404.254, -32.5, -25.5, 24.18, 1.98831, 35.5507, 23.1, 0, 2014, 1
408.663, -32.5, -24.5, 23.99, 1.95718, 35.5319, 22.5, 0, 2014, 1
413.553, -31.5, -25.5, 24.7, 2.07378, 35.6128, 22, 0, 2014, 1
416.059, -31.5, -24.5, 24.35, 1.9425, 35.5841, 21.2, 0, 2014, 1
412.786, -30.5, -25.5, 25.24, 2.22013, 35.7075, 21, 0, 2014, 1
411.145, -30.5, -24.5, 24.82, 2.06881, 35.6692, 20.1, 0, 2014, 1
412.523, -29.5, -25.5, 25.72, 2.34584, 35.8408, 19.9, 0, 2014, 1
415.495, -29.5, -24.5, 25.31, 2.23233, 35.7975, 18.1, 0, 2014, 1
411.165, -28.5, -25.5, 26.06, 2.38647, 36.0084, 17.4, 0, 2014, 1
409.673, -28.5, -24.5, 25.7, 2.31414, 35.9667, 16.6, 0, 2014, 1
426.081, -27.5, -25.5, 26.03, 2.14515, 36.1965, 15.9, 0, 2014, 1
423.611, -27.5, -24.5, 25.79, 2.12618, 36.163, 15.8, 0, 2014, 1
434.332, -26.5, -25.5, 26.31, 2.21789, 36.3886, 15.6, 0, 2014, 1
434.721, -26.5, -24.5, 26.12, 2.18753, 36.3632, 16.2, 0, 2014, 1
432.4, -25.5, -25.5, 26.57, 2.23754, 36.5631, 16.8, 0, 2014, 1
433.762, -25.5, -24.5, 26.42, 2.19647, 36.5481, 17.8, 0, 2014, 1
433.782, -24.5, -25.5, 26.84, 2.22186, 36.7075, 20, 0, 2014, 1
434.324, -24.5, -24.5, 26.68, 2.14032, 36.7015, 20.4, 0, 2014, 1
424.727, -23.5, -25.5, 27.13, 2.20564, 36.8213, 21.6, 0, 2014, 1
425.221, -23.5, -24.5, 26.97, 2.12016, 36.8233, 22.3, 0, 2014, 1
419.692, -22.5, -25.5, 27.46, 2.17997, 36.9183, 24, 0, 2014, 1
415.076, -22.5, -24.5, 27.29, 2.1069, 36.9218, 25, 0, 2014, 1
409.908, -21.5, -25.5, 27.75, 2.12724, 37.0048, 27, 0, 2014, 1
410.858, -21.5, -24.5, 27.58, 2.07362, 37.0068, 28.4, 0, 2014, 1
403.062, -20.5, -25.5, 27.96, 2.05414, 37.084, 30.3, 0, 2014, 1
403.271, -20.5, -24.5, 27.81, 2.01398, 37.0817, 31, 0, 2014, 1
405.025, -19.5, -25.5, 28.14, 2.03096, 37.1541, 32.4, 0, 2014, 1
403.024, -19.5, -24.5, 28.03, 1.99094, 37.1446, 32.4, 0, 2014, 1
403.46, -18.5, -25.5, 28.3, 1.92227, 37.1973, 35, 0, 2014, 1
404.658, -18.5, -24.5, 28.22, 1.85529, 37.1846, 34.1, 0, 2014, 1
393.793, -17.5, -25.5, 28.5, 1.78253, 37.2076, 38.8, 0, 2014, 1
390.445, -17.5, -24.5, 28.46, 1.71013, 37.1911, 36.7, 0, 2014, 1
383.247, -16.5, -25.5, 28.78, 1.66619, 37.1785, 43.6, 0, 2014, 1
382.368, -16.5, -24.5, 28.77, 1.60399, 37.1599, 40, 0, 2014, 1
376.487, -15.5, -25.5, 29.11, 1.58642, 37.1098, 48.5, 0, 2014, 1
375.872, -15.5, -24.5, 29.12, 1.54701, 37.0917, 43.5, 0, 2014, 1
324.792, -67.5, -4.5, 0.09, 1.40827, 33.9143, 33.7, 0, 2014, 2
303.167, -67.5, -3.5, 0.06, 1.36093, 33.9517, 33.5, 0, 2014, 2
291.334, -66.5, -3.5, 0.38, 1.47696, 33.998, 32.4, 0, 2014, 2
294.981, -66.5, -2.5, 0.47, 1.51067, 34.0178, 32.5, 0, 2014, 2
287.471, -66.5, -1.5, 0.59, 1.56574, 34.0344, 32.6, 0, 2014, 2
292.258, -65.5, -1.5, 1.24, 1.7601, 34.0375, 32.3, 0, 2014, 2
298.072, -65.5, -0.5, 1.37, 1.79458, 34.049, 32.5, 0, 2014, 2
297.732, -64.5, -0.5, 2.21, 1.9925, 34.0394, 32.5, 0, 2014, 2
301.728, -64.5, 0.5, 2.34, 2.02388, 34.0496, 32.8, 0, 2014, 2
307.222, -63.5, 0.5, 3.11, 2.17606, 34.0321, 33.1, 0, 2014, 2
308.442, -63.5, 1.5, 3.02, 2.1175, 34.042, 33.5, 0, 2014, 2
309.62, -62.5, 1.5, 3.65, 2.14045, 34.0203, 34.4, 0, 2014, 2
298.042, -62.5, 2.5, 3.54, 2.13093, 34.03, 34.8, 0, 2014, 2
290.396, -61.5, 2.5, 4.16, 2.09917, 34.0096, 36.6, 0, 2014, 2
289.607, -61.5, 3.5, 4.09, 2.1351, 34.0189, 37.1, 0, 2014, 2
292.604, -60.5, 3.5, 4.81, 2.11628, 34.0052, 40.4, 0, 2014, 2
293.039, -60.5, 4.5, 4.82, 2.16971, 34.0117, 40.9, 0, 2014, 2
354.871, -59.5, -50.5, 3.82, 2.14013, 33.9101, 46.2, 0, 2014, 2
347.949, -59.5, -49.5, 3.81, 2.09702, 33.9229, 45.8, 0, 2014, 2
351.867, -59.5, -48.5, 3.81, 2.08689, 33.9455, 45.3, 0, 2014, 2
289.562, -59.5, 4.5, 5.54, 2.03577, 34.0048, 45.9, 0, 2014, 2
294.079, -59.5, 5.5, 5.51, 2.04513, 34.0074, 46.4, 0, 2014, 2
365.506, -58.5, -52.5, 4.33, 2.3142, 33.8988, 44, 0, 2014, 2
362.654, -58.5, -51.5, 4.36, 2.28545, 33.9075, 44.1, 0, 2014, 2
347.705, -58.5, -50.5, 4.36, 2.23555, 33.9171, 44.2, 0, 2014, 2
300.63, -58.5, 5.5, 6.28, 1.97705, 34.0077, 51.1, 0, 2014, 2
307.982, -58.5, 6.5, 6.18, 1.98333, 34.0077, 51.2, 0, 2014, 2
361.022, -57.5, -55.5, 4.97, 2.53115, 33.9078, 44.3, 0, 2014, 2
361.756, -57.5, -54.5, 4.94, 2.48019, 33.9068, 43.9, 0, 2014, 2
363.331, -57.5, -53.5, 4.91, 2.41699, 33.9077, 43.7, 0, 2014, 2
363.506, -57.5, -52.5, 4.9, 2.36433, 33.9101, 43.5, 0, 2014, 2
320.551, -57.5, 6.5, 6.93, 2.01984, 34.0134, 52.6, 0, 2014, 2
330.478, -57.5, 7.5, 6.8, 2.03596, 34.0147, 53, 0, 2014, 2
353.264, -56.5, -58.5, 5.33, 2.52574, 33.9722, 50.2, 0, 2014, 2
351.152, -56.5, -57.5, 5.39, 2.51048, 33.9652, 49.2, 0, 2014, 2
362.484, -56.5, -56.5, 5.42, 2.48074, 33.9571, 47.9, 0, 2014, 2
363.037, -56.5, -55.5, 5.42, 2.4641, 33.9492, 46.6, 0, 2014, 2
331.477, -56.5, 7.5, 7.6, 2.15747, 34.0208, 53, 0, 2014, 2
336.207, -56.5, 8.5, 7.51, 2.19647, 34.0249, 54, 0, 2014, 2
357.706, -55.5, -61.5, 5.7, 2.52112, 34.0158, 54.8, 0, 2014, 2
356.362, -55.5, -60.5, 5.75, 2.55029, 34.0163, 54.4, 0, 2014, 2
352.936, -55.5, -59.5, 5.73, 2.5534, 34.0247, 53.8, 0, 2014, 2
355.924, -55.5, -58.5, 5.78, 2.54779, 34.0228, 52.9, 0, 2014, 2
332.812, -55.5, 8.5, 8.56, 2.32038, 34.0248, 53.7, 0, 2014, 2
335.844, -55.5, 9.5, 8.37, 2.23949, 34.033, 55.5, 0, 2014, 2
356.701, -54.5, -62.5, 5.73, 2.3383, 34.042, 54.6, 0, 2014, 2
356.999, -54.5, -61.5, 5.85, 2.36144, 34.0067, 54.6, 0, 2014, 2
346.049, -54.5, 9.5, 9.15, 2.26504, 34.0223, 55.6, 0, 2014, 2
343.655, -53.5, 9.5, 9.8, 2.26256, 33.9933, 56.1, 0, 2014, 2
342.007, -53.5, 10.5, 9.67, 2.24064, 34.0064, 58.8, 0, 2014, 2
354.18, -52.5, 10.5, 10.41, 2.29987, 33.9648, 60.3, 0, 2014, 2
361.563, -51.5, 10.5, 11.53, 2.49823, 33.9168, 62.6, 0, 2014, 2
362.085, -51.5, 11.5, 11.47, 2.52132, 33.9244, 64.2, 0, 2014, 2
364.959, -50.5, 11.5, 12.46, 2.80115, 33.8799, 66, 0, 2014, 2
369.49, -49.5, 11.5, 13.29, 3.01145, 33.8498, 67.7, 0, 2014, 2
374.558, -49.5, 12.5, 13.04, 2.7733, 33.854, 67, 0, 2014, 2
371.08, -48.5, 12.5, 13.78, 2.93132, 33.8491, 68, 0, 2014, 2
369.912, -47.5, 12.5, 14.66, 3.28016, 33.8781, 69.5, 0, 2014, 2
363.37, -47.5, 13.5, 14.6, 3.31461, 33.8765, 69.4, 0, 2014, 2
364.027, -46.5, 13.5, 15.25, 3.56042, 33.9562, 70.7, 0, 2014, 2
359.032, -45.5, 13.5, 15.88, 3.78356, 34.0857, 70.6, 0, 2014, 2
345.353, -44.5, 13.5, 16.51, 3.95052, 34.2488, 67.5, 0, 2014, 2
338.274, -44.5, 14.5, 16.46, 4.00048, 34.2672, 68.9, 0, 2014, 2
330.198, -43.5, 14.5, 17.06, 4.07673, 34.4628, 61.1, 0, 2014, 2
331.677, 44.5, -47.5, 0.33, -8.34933, 33.9666, 825.7, 0, 2014, 2
342.944, 44.5, -46.5, 0.29, -7.85218, 34.3943, 386.5, 0, 2014, 2
347.463, 44.5, -45.5, 0.35, -7.37321, 34.8004, 411.8, 0, 2014, 2
345.354, 45.5, -45.5, 0.46, -7.16449, 34.4793, 510.6, 0, 2014, 2
333.773, 45.5, -44.5, 1.28, -6.69439, 34.8063, 435.6, 0, 2014, 2
346.47, 46.5, -43.5, 1.77, -6.17741, 34.8353, 417.9, 0, 2014, 2
359.305, 46.5, -42.5, 2.34, -6.09269, 35.0801, 320.8, 0, 2014, 2
366.406, 46.5, -41.5, 2.33, -6.08898, 35.2812, 268.1, 0, 2014, 2
355.178, 47.5, -41.5, 2.07, -6.02522, 35.1138, 235.8, 0, 2014, 2
347.242, 47.5, -40.5, 1.99, -6.03449, 35.279, 219.2, 0, 2014, 2
344.404, 48.5, -40.5, 1.28, -5.94423, 35.1576, 201.3, 0, 2014, 2
354.023, 48.5, -39.5, 0.78, -5.9142, 35.2658, 194.8, 0, 2014, 2
362.954, 49.5, -39.5, 0.3, -5.88231, 35.139, 185.1, 0, 2014, 2
367.579, 49.5, -38.5, 0.1, -5.89599, 35.1866, 181.8, 0, 2014, 2
379.039, 52.5, -32.5, 0.17, -4.40593, 34.9108, 189.6, 0, 2014, 2
373.837, 52.5, -31.5, 0.34, -4.22798, 34.9511, 194, 0, 2014, 2
367.517, 52.5, -30.5, 0.5, -4.17526, 34.9972, 202.4, 0, 2014, 2
373.898, 52.5, -29.5, 0.79, -4.02106, 35.0465, 211.7, 0, 2014, 2
372.275, 52.5, -28.5, 1.02, -3.87125, 35.0906, 223.2, 0, 2014, 2
370.815, 53.5, -28.5, 0.87, -3.88718, 35.0536, 231.3, 0, 2014, 2
372.215, 53.5, -27.5, 0.76, -4.0174, 35.0941, 245.8, 0, 2014, 2
372.084, 53.5, -26.5, 0.87, -3.99308, 35.1313, 257.1, 0, 2014, 2
370.67, 53.5, -25.5, 0.89, -4.06285, 35.1669, 265.4, 0, 2014, 2
371.709, 53.5, -24.5, 0.84, -4.16035, 35.2024, 272, 0, 2014, 2
375.679, 53.5, -23.5, 0.73, -4.19279, 35.2359, 277, 0, 2014, 2
372.875, 54.5, -23.5, 0.75, -4.20096, 35.2252, 292.4, 0, 2014, 2
374.652, 54.5, -22.5, 0.62, -4.31561, 35.2547, 298.4, 0, 2014, 2
368.714, 54.5, -21.5, 0.54, -4.47151, 35.2814, 305.6, 0, 2014, 2
367.096, 54.5, -20.5, 0.46, -4.61314, 35.3081, 313.9, 0, 2014, 2
366.831, 54.5, -19.5, 0.35, -4.64881, 35.3338, 324.7, 0, 2014, 2
366.649, 54.5, -18.5, 0.5, -4.48965, 35.359, 340.9, 0, 2014, 2
363.646, 54.5, -17.5, 0.85, -4.19227, 35.3814, 368.5, 0, 2014, 2
366.176, 54.5, -16.5, 1.29, -3.83962, 35.399, 407.4, 0, 2014, 2
365, 54.5, -15.5, 1.56, -3.65414, 35.4167, 436.9, 0, 2014, 2
363.327, 55.5, -15.5, 0.98, -3.97112, 35.4208, 462.9, 0, 2014, 2
363.28, 55.5, -14.5, 1.29, -3.67856, 35.4243, 500, 0, 2014, 2
363.512, 55.5, -13.5, 1.48, -3.49933, 35.4315, 541.7, 0, 2014, 2
364.532, 55.5, -12.5, 1.63, -3.36888, 35.4306, 604.2, 0, 2014, 2
363.76, 55.5, -11.5, 1.71, -3.34548, 35.4216, 632, 0, 2014, 2
364.328, 55.5, -10.5, 1.99, -3.1317, 35.4081, 658.4, 0, 2014, 2
363.477, 55.5, -9.5, 2.33, -2.86016, 35.3818, 687.1, 0, 2014, 2
331.613, -43.5, 14.5, 16.41, 3.42673, 34.4243, 74.7, 0, 2014, 3
330.442, -42.5, 14.5, 16.96, 3.41936, 34.6639, 62.1, 0, 2014, 3
326.629, -42.5, 15.5, 16.89, 3.43134, 34.7794, 57.3, 0, 2014, 3
330.523, -41.5, 15.5, 17.45, 3.38942, 34.9791, 49.3, 0, 2014, 3
333.927, -40.5, 15.5, 18.06, 3.38404, 35.1487, 41.9, 0, 2014, 3
337.79, -39.5, 15.5, 18.76, 3.49824, 35.282, 37.6, 0, 2014, 3
328.54, -39.5, 16.5, 18.71, 3.48955, 35.3316, 33.7, 0, 2014, 3
326.064, -38.5, 16.5, 19.24, 3.45554, 35.401, 31.8, 0, 2014, 3
340.877, -37.5, 16.5, 19.76, 3.43311, 35.4326, 30.4, 0, 2014, 3
342.377, -37.5, 17.5, 19.71, 3.4201, 35.4341, 26.3, 0, 2014, 3
343.061, -36.5, 17.5, 20.23, 3.38846, 35.4242, 24.4, 0, 2014, 3
341.383, -35.5, 17.5, 20.78, 3.36151, 35.4039, 22.4, 0, 2014, 3
342.272, -34.5, 17.5, 21.37, 3.33978, 35.4172, 20.2, 0, 2014, 3
304.82, 41.5, -49.5, 5.79, -5.00506, 34.6014, 208, 0, 2014, 4
291.174, 41.5, -47.5, 4.77, -5.87798, 35.1084, 179.7, 0, 2014, 4
296.427, 42.5, -57.5, 5.82, -5.63625, 34.1371, 86.6, 0, 2014, 4
294.812, 42.5, -56.5, 6.2, -5.3793, 34.1798, 87.1, 0, 2014, 4
301.615, 42.5, -55.5, 6.61, -5.11253, 34.1421, 86.6, 0, 2014, 4
291.536, 42.5, -54.5, 7.02, -4.84721, 34.0383, 116.7, 0, 2014, 4
317.264, 42.5, -53.5, 7.4, -4.60048, 33.9018, 109.7, 0, 2014, 4
296.144, 42.5, -52.5, 7.6, -4.43125, 33.7915, 184.9, 0, 2014, 4
296.051, 42.5, -51.5, 7.08, -4.55103, 33.7553, 274.8, 0, 2014, 4
295.62, 42.5, -50.5, 5.7, -4.95474, 33.8214, 214.3, 0, 2014, 4
294.724, 42.5, -49.5, 4.44, -5.22859, 33.9971, 180.5, 0, 2014, 4
289.972, 42.5, -48.5, 4.14, -5.3724, 34.2732, 212.6, 0, 2014, 4
298.403, 42.5, -47.5, 3.83, -5.72449, 34.6248, 232.1, 0, 2014, 4
306.378, 42.5, -46.5, 3.39, -5.77006, 35.0093, 217.4, 0, 2014, 4
318.713, 42.5, -45.5, 2.99, -5.53275, 35.3737, 186.8, 0, 2014, 4
321.047, 42.5, -44.5, 3.28, -5.45978, 35.6726, 160.3, 0, 2014, 4
323.076, 42.5, -43.5, 4.72, -5.29026, 35.8813, 147.1, 0, 2014, 4
309.609, 42.5, -42.5, 5.69, -5.49647, 36.003, 140.8, 0, 2014, 4
306.803, 43.5, -59.5, 6.1, -5.0366, 32.8798, 69.7, 0, 2014, 4
298.533, 43.5, -58.5, 5.48, -5.49423, 33.1283, 73.5, 0, 2014, 4
296.204, 43.5, -57.5, 5.59, -5.45324, 33.3016, 76, 0, 2014, 4
322.726, 43.5, -42.5, 4.82, -5.26308, 35.7772, 157.9, 0, 2014, 4
300.191, 43.5, -41.5, 5.23, -5.83205, 35.8784, 152.7, 0, 2014, 4
297.646, 43.5, -40.5, 5.44, -6.34401, 35.9291, 149.8, 0, 2014, 4
304.005, 44.5, -40.5, 4.27, -6.38603, 35.7324, 167.1, 0, 2014, 4
331.879, 44.5, -39.5, 4.62, -6.22506, 35.7964, 169.2, 0, 2014, 4
336.296, 44.5, -38.5, 4.36, -6.40638, 35.8309, 170.1, 0, 2014, 4
340.259, 45.5, -38.5, 3.37, -6.03026, 35.6951, 189.8, 0, 2014, 4
327.513, 45.5, -37.5, 2.01, -6.2518, 35.7396, 192, 0, 2014, 4
343.352, 45.5, -36.5, 0.7, -6.55487, 35.7569, 188.1, 0, 2014, 4
345.602, 45.5, -35.5, 0.2, -6.25567, 35.7584, 179.2, 0, 2014, 4
350.639, 46.5, -35.5, 0.41, -5.81676, 35.6724, 191.5, 0, 2014, 4
346.409, 46.5, -34.5, 0.37, -5.71144, 35.6732, 182, 0, 2014, 4
342.6, 46.5, -33.5, 0.56, -5.61292, 35.6746, 173.1, 0, 2014, 4
332.052, 46.5, -32.5, 0.71, -5.51542, 35.6803, 166.3, 0, 2014, 4
324.058, 47.5, -32.5, 0.64, -5.14006, 35.5843, 161.9, 0, 2014, 4
321.586, 47.5, -31.5, 0.68, -5.04933, 35.595, 158.1, 0, 2014, 4
328.187, 47.5, -30.5, 0.97, -4.54461, 35.6077, 155.9, 0, 2014, 4
331.401, 47.5, -29.5, 1.31, -3.92205, 35.62, 155.2, 0, 2014, 4
323.478, 47.5, -28.5, 1.43, -3.52035, 35.63, 155.8, 0, 2014, 4
325.173, 48.5, -28.5, 1.44, -3.46269, 35.5285, 146.9, 0, 2014, 4
330.977, 48.5, -27.5, 1.1, -3.48003, 35.5389, 151.5, 0, 2014, 4
321.597, 48.5, -26.5, 1.07, -3.50718, 35.5464, 159, 0, 2014, 4
323.322, 48.5, -25.5, 1.24, -3.48955, 35.5521, 167.3, 0, 2014, 4
319.323, 48.5, -24.5, 1.42, -3.47433, 35.5576, 175.3, 0, 2014, 4
306.15, 49.5, -24.5, 1.25, -3.50221, 35.474, 165.5, 0, 2014, 4
309.089, 49.5, -23.5, 1.33, -3.41144, 35.4882, 173, 0, 2014, 4
316.546, 49.5, -22.5, 1.5, -3.37272, 35.5043, 176.9, 0, 2014, 4
318.387, 49.5, -21.5, 1.76, -3.31753, 35.5214, 176.6, 0, 2014, 4
309.98, 42.5, -51.5, 10.54, -1.09103, 33.8541, 13.9, 0, 2014, 5
271.419, 42.5, -50.5, 9.32, -1.33474, 33.8554, 12.9, 0, 2014, 5
249.341, 42.5, -49.5, 8.16, -1.50859, 33.9665, 12.7, 0, 2014, 5
292.331, 42.5, -48.5, 7.74, -1.7724, 34.2065, 13.5, 0, 2014, 5
289.883, 42.5, -47.5, 7.21, -2.34449, 34.5593, 15.5, 0, 2014, 5
293.056, 43.5, -47.5, 7.07, -2.21503, 34.0843, 15, 0, 2014, 5
335.168, 49.5, -21.5, 2.78, -2.29753, 35.5494, 61.6, 0, 2014, 5
318.084, 49.5, -20.5, 3.01, -2.27353, 35.5602, 58.8, 0, 2014, 5
320.875, 49.5, -19.5, 3.18, -2.24664, 35.5661, 56.2, 0, 2014, 5
320.023, 50.5, -19.5, 3.21, -2.1367, 35.5076, 60.9, 0, 2014, 5
320.238, 50.5, -18.5, 3.33, -2.13603, 35.5173, 58.4, 0, 2014, 5
322.023, 50.5, -17.5, 3.41, -2.14891, 35.5219, 56.1, 0, 2014, 5
319.673, 50.5, -16.5, 3.54, -2.10721, 35.5228, 53.4, 0, 2014, 5
319.719, 50.5, -15.5, 3.83, -1.92737, 35.521, 49.9, 0, 2014, 5
317.09, 50.5, -14.5, 4, -1.81192, 35.5162, 46.3, 0, 2014, 5
317.099, 50.5, -13.5, 4.14, -1.70452, 35.507, 41.4, 0, 2014, 5
315.602, 50.5, -12.5, 4.27, -1.61721, 35.4921, 35.2, 0, 2014, 5
319.183, 51.5, -12.5, 4.27, -1.56163, 35.4531, 33.8, 0, 2014, 5
314.488, 51.5, -11.5, 4.38, -1.51795, 35.4345, 26.8, 0, 2014, 5
302.706, 40.5, -51.5, 17.13, 4.02929, 34.9579, 11.8, 0, 2014, 6
309.378, 40.5, -50.5, 16.57, 3.93548, 34.938, 11.3, 0, 2014, 6
281.654, 40.5, -49.5, 16.08, 3.70714, 34.9708, 11.3, 0, 2014, 6
291.995, 41.5, -55.5, 17.95, 5.7742, 34.5368, 14.7, 0, 2014, 6
287.273, 41.5, -54.5, 17.67, 5.3758, 34.4738, 13.4, 0, 2014, 6
294.665, 41.5, -53.5, 17.34, 4.90141, 34.3618, 12, 0, 2014, 6
301.369, 41.5, -52.5, 16.91, 4.33025, 34.2451, 10.8, 0, 2014, 6
300.954, 41.5, -51.5, 16.24, 3.97817, 34.1742, 10, 0, 2014, 6
319.112, 41.5, -49.5, 14.45, 3.65494, 34.2599, 9.5, 0, 2014, 6
332.529, 41.5, -48.5, 13.84, 3.26795, 34.4248, 10.2, 0, 2014, 6
309.966, 41.5, -47.5, 13.23, 2.58202, 34.664, 11.3, 0, 2014, 6
304.677, 41.5, -46.5, 12.69, 2.32474, 34.9641, 13.2, 0, 2014, 6
304.08, 41.5, -45.5, 12.39, 2.32202, 35.2995, 15.8, 0, 2014, 6
306.821, 41.5, -44.5, 12.66, 2.34436, 35.6274, 19, 0, 2014, 6
307.447, 41.5, -43.5, 13.98, 2.49151, 35.9018, 21.5, 0, 2014, 6
309.219, 41.5, -42.5, 14.9, 2.35343, 36.086, 23, 0, 2014, 6
300.597, 41.5, -41.5, 15.45, 2.08228, 36.171, 23.5, 0, 2014, 6
309.605, 41.5, -40.5, 15.56, 1.82641, 36.1761, 23.4, 0, 2014, 6
288.762, 42.5, -57.5, 17.91, 6.45375, 33.6245, 12.9, 0, 2014, 6
292.711, 42.5, -56.5, 17.62, 6.0407, 33.7312, 13, 0, 2014, 6
296.339, 42.5, -55.5, 17.35, 5.62747, 33.7686, 12.6, 0, 2014, 6
308.331, 42.5, -40.5, 14.54, 1.76615, 36.0649, 26.7, 0, 2014, 6
297.624, 42.5, -39.5, 14.4, 1.69942, 36.0431, 26.3, 0, 2014, 6
294.726, 42.5, -38.5, 13.79, 1.46798, 36.0001, 25.6, 0, 2014, 6
288.952, 43.5, -47.5, 11.85, 2.56497, 33.719, 10.3, 0, 2014, 6
299.268, 43.5, -46.5, 10.77, 2.30067, 34.1317, 11.8, 0, 2014, 6
295.204, 43.5, -45.5, 9.83, 2.27846, 34.5813, 14.2, 0, 2014, 6
306.31, 43.5, -44.5, 10.13, 2.2735, 35.0199, 17.7, 0, 2014, 6
300.689, 43.5, -43.5, 11.56, 2.52513, 35.3958, 21.7, 0, 2014, 6
303.775, 43.5, -42.5, 12.29, 2.20692, 35.6729, 25.3, 0, 2014, 6
291.771, 43.5, -38.5, 13.55, 1.72706, 35.9273, 29.2, 0, 2014, 6
293.277, 43.5, -37.5, 12.47, 1.34257, 35.9096, 28, 0, 2014, 6
290.386, 43.5, -36.5, 9.95, 0.960545, 35.8998, 26.9, 0, 2014, 6
309.576, 44.5, -41.5, 11.54, 1.54757, 35.6042, 29.4, 0, 2014, 6
313.5, 44.5, -40.5, 12.03, 1.37397, 35.7454, 32.5, 0, 2014, 6
303.782, 44.5, -39.5, 12.56, 1.71494, 35.8216, 33.7, 0, 2014, 6
301.27, 44.5, -38.5, 12.52, 1.75362, 35.8549, 33.3, 0, 2014, 6
308.515, 44.5, -37.5, 10.14, 1.28026, 35.8665, 32, 0, 2014, 6
301.451, 44.5, -36.5, 7.82, 0.918268, 35.8723, 30.4, 0, 2014, 6
284.881, 44.5, -35.5, 7.01, 0.578811, 35.8791, 28.7, 0, 2014, 6
287.667, 44.5, -34.5, 6.91, 0.311699, 35.8837, 27.2, 0, 2014, 6
287.591, 44.5, -33.5, 6.7, -0.103689, 35.8821, 25.9, 0, 2014, 6
308.806, 45.5, -36.5, 8.14, 0.885131, 35.8238, 34.4, 0, 2014, 6
307.455, 45.5, -35.5, 7.11, 0.654328, 35.8303, 32.2, 0, 2014, 6
305.025, 45.5, -34.5, 6.68, 0.297789, 35.8289, 30.1, 0, 2014, 6
284.086, 45.5, -33.5, 6.31, -0.213428, 35.8182, 28.2, 0, 2014, 6
288.609, 45.5, -32.5, 5.9, -0.681796, 35.8012, 26.6, 0, 2014, 6
282.954, 45.5, -31.5, 5.67, -0.656088, 35.7867, 25.1, 0, 2014, 6
306.137, 46.5, -34.5, 6.64, 0.55856, 35.7431, 33, 0, 2014, 6
309.568, 46.5, -33.5, 6.21, 0.0370822, 35.7331, 30.4, 0, 2014, 6
306.993, 46.5, -32.5, 5.76, -0.465418, 35.7157, 28.2, 0, 2014, 6
278.071, 46.5, -31.5, 5.47, -0.565544, 35.7053, 26.4, 0, 2014, 6
279.714, 46.5, -30.5, 5.42, -0.304616, 35.6993, 24.8, 0, 2014, 6
283.736, 46.5, -29.5, 5.55, 0.152981, 35.7064, 23.4, 0, 2014, 6
286.784, 46.5, -28.5, 5.75, 0.61234, 35.7179, 22.3, 0, 2014, 6
319.47, 47.5, -32.5, 5.7, -0.0800648, 35.6108, 28.9, 0, 2014, 6
316.101, 47.5, -31.5, 5.5, -0.229325, 35.6092, 26.7, 0, 2014, 6
316.457, 47.5, -30.5, 5.45, -0.0646148, 35.6088, 25, 0, 2014, 6
285.882, 47.5, -28.5, 5.53, 0.579647, 35.6385, 22.8, 0, 2014, 6
287.62, 47.5, -27.5, 5.29, 0.57442, 35.651, 22.3, 0, 2014, 6
290.852, 47.5, -26.5, 5.29, 0.530096, 35.6582, 22, 0, 2014, 6
315.902, 48.5, -30.5, 5.51, 0.180193, 35.5034, 24.3, 0, 2014, 6
319.606, 48.5, -29.5, 5.53, 0.38093, 35.5246, 23.3, 0, 2014, 6
322.744, 48.5, -28.5, 5.4, 0.497307, 35.5457, 22.8, 0, 2014, 6
317.646, 49.5, -28.5, 5.49, 0.601251, 35.4392, 22.4, 0, 2014, 6
313.086, 49.5, -27.5, 5.02, 0.439742, 35.4634, 22.9, 0, 2014, 6
318.521, 49.5, -26.5, 4.92, 0.373044, 35.4837, 23.6, 0, 2014, 6
288.733, 49.5, -21.5, 5.9, 0.822468, 35.5512, 24.8, 0, 2014, 6
285.231, 49.5, -20.5, 6.04, 0.756474, 35.5571, 24.6, 0, 2014, 6
297.524, 49.5, -19.5, 6.18, 0.753365, 35.5605, 24.3, 0, 2014, 6
293.848, 49.5, -18.5, 6.19, 0.654521, 35.5608, 24, 0, 2014, 6
299.852, 49.5, -17.5, 6.17, 0.548973, 35.559, 23.6, 0, 2014, 6
300.379, 49.5, -16.5, 6.21, 0.508589, 35.5555, 23.1, 0, 2014, 6
319.156, 50.5, -26.5, 5.23, 0.595542, 35.3801, 24.5, 0, 2014, 6
318.776, 50.5, -25.5, 5.42, 0.728367, 35.4064, 25.7, 0, 2014, 6
316.119, 50.5, -24.5, 5.66, 0.921057, 35.4332, 26.5, 0, 2014, 6
305.501, 50.5, -23.5, 5.82, 1.14641, 35.4567, 26.9, 0, 2014, 6
304.582, 50.5, -16.5, 6.32, 0.672788, 35.5236, 24.6, 0, 2014, 6
310.71, 50.5, -15.5, 6.54, 0.782629, 35.5176, 23.6, 0, 2014, 6
316.991, 50.5, -14.5, 6.64, 0.828077, 35.5077, 22.3, 0, 2014, 6
328.688, 50.5, -13.5, 6.68, 0.835481, 35.493, 20.8, 0, 2014, 6
305.65, 50.5, -12.5, 6.68, 0.792787, 35.4729, 19, 0, 2014, 6
326.446, 50.5, -11.5, 6.59, 0.626572, 35.4472, 16.8, 0, 2014, 6
309.526, 51.5, -23.5, 6.14, 1.41843, 35.3766, 28.8, 0, 2014, 6
309.629, 51.5, -22.5, 6.21, 1.42686, 35.407, 29.1, 0, 2014, 6
306.823, 51.5, -21.5, 6.38, 1.40689, 35.4343, 29, 0, 2014, 6
307.695, 51.5, -20.5, 6.47, 1.31801, 35.4573, 28.9, 0, 2014, 6
326.973, 51.5, -11.5, 6.51, 0.612051, 35.4029, 16.8, 0, 2014, 6
310.846, 52.5, -20.5, 6.59, 1.43548, 35.4043, 30.8, 0, 2014, 6
304.935, 52.5, -19.5, 6.35, 1.13929, 35.4283, 30.8, 0, 2014, 6
302.022, 52.5, -18.5, 6.31, 1.01699, 35.4449, 30.7, 0, 2014, 6
310.16, 52.5, -17.5, 6.36, 0.966921, 35.4546, 30.2, 0, 2014, 6
310.862, 53.5, -17.5, 6.27, 1.03596, 35.4196, 31.6, 0, 2014, 6
310.998, 53.5, -15.5, 6.23, 0.782082, 35.4268, 28.7, 0, 2014, 6
313.67, 53.5, -14.5, 6.22, 0.739519, 35.4195, 26.1, 0, 2014, 6
314.472, 54.5, -14.5, 6.02, 0.781667, 35.4002, 26.8, 0, 2014, 6
312.162, 54.5, -13.5, 6.01, 0.768395, 35.3901, 24.3, 0, 2014, 6
312.053, 54.5, -12.5, 6.05, 0.789711, 35.3685, 22, 0, 2014, 6
317.36, 48.5, -48.5, 16.97, 9.40711, 32.5165, 8.7, 0, 2014, 8
307.955, 48.5, -47.5, 16.54, 9.23179, 32.7635, 10, 0, 2014, 8
306.846, 48.5, -46.5, 16.08, 9.13202, 33.0017, 10.5, 0, 2014, 8
305.786, 49.5, -46.5, 15.46, 8.83897, 33.3434, 11.3, 0, 2014, 8
309.182, 49.5, -45.5, 15.15, 8.91654, 33.5347, 12.3, 0, 2014, 8
317.755, 49.5, -44.5, 15.26, 9.19449, 33.7127, 13.6, 0, 2014, 8
317.035, 49.5, -43.5, 15.67, 9.6193, 33.8889, 15.4, 0, 2014, 8
318.657, 50.5, -43.5, 15.12, 9.60189, 34.1011, 18.7, 0, 2014, 8
314.566, 50.5, -42.5, 15.54, 10.1011, 34.2119, 20.5, 0, 2014, 8
304.534, 50.5, -41.5, 16.09, 10.5128, 34.328, 21.3, 0, 2014, 8
299.891, 50.5, -40.5, 17.17, 11.2144, 34.4446, 21.9, 0, 2014, 8
296.638, 51.5, -40.5, 17.53, 11.9471, 34.4675, 22.7, 0, 2014, 8
300.019, 51.5, -39.5, 18.59, 12.5563, 34.5319, 22.7, 0, 2014, 8
296.287, 51.5, -38.5, 18.54, 12.5315, 34.5907, 22.5, 0, 2014, 8
299.571, 51.5, -37.5, 16.3, 11.2602, 34.6387, 22.4, 0, 2014, 8
292.051, 52.5, -37.5, 15.72, 11.5395, 34.6004, 22.8, 0, 2014, 8
287.746, 52.5, -36.5, 14.85, 10.7721, 34.6329, 22.8, 0, 2014, 8
294.342, 52.5, -35.5, 14.65, 10.4111, 34.6619, 22.8, 0, 2014, 8
291.601, 52.5, -34.5, 13.97, 9.58151, 34.6903, 23, 0, 2014, 8
292.553, 52.5, -33.5, 13.48, 8.97199, 34.7205, 23.3, 0, 2014, 8
311.285, 48.5, -27.5, 10.56, 5.97997, 35.4721, 32.5, 0, 2014, 9
309.263, 48.5, -26.5, 10.42, 5.84282, 35.4951, 32.9, 0, 2014, 9
311.986, 48.5, -25.5, 10.76, 6.03045, 35.5159, 33, 0, 2014, 9
317.438, 48.5, -24.5, 11.19, 6.29567, 35.5369, 33, 0, 2014, 9
318.313, 48.5, -23.5, 11.11, 6.1708, 35.5581, 32.9, 0, 2014, 9
306.312, 48.5, -22.5, 11.5, 6.40225, 35.5785, 32.6, 0, 2014, 9
306.646, 49.5, -22.5, 10.99, 6.11728, 35.4859, 33.8, 0, 2014, 9
313.513, 49.5, -21.5, 11.37, 6.29247, 35.5138, 33.4, 0, 2014, 9
315.853, 49.5, -20.5, 11.68, 6.39647, 35.5389, 33.1, 0, 2014, 9
307.186, 49.5, -19.5, 11.9, 6.47336, 35.5592, 32.9, 0, 2014, 9
310.236, 49.5, -18.5, 12.15, 6.61452, 35.573, 32.8, 0, 2014, 9
309.754, 49.5, -17.5, 12.41, 6.78897, 35.5744, 32.6, 0, 2014, 9
317.417, 50.5, -17.5, 12.16, 6.60109, 35.5147, 33.5, 0, 2014, 9
314.029, 50.5, -16.5, 12.41, 6.76279, 35.5182, 33.2, 0, 2014, 9
310.845, 50.5, -15.5, 12.72, 6.96263, 35.5128, 32.8, 0, 2014, 9
311.119, 50.5, -14.5, 12.62, 6.80808, 35.498, 32.2, 0, 2014, 9
307.556, 50.5, -13.5, 12.39, 6.54548, 35.4723, 31.3, 0, 2014, 9
306.736, 50.5, -12.5, 12.13, 6.24279, 35.4356, 30.1, 0, 2014, 9
309.977, 50.5, -11.5, 11.97, 6.00657, 35.3876, 27.4, 0, 2014, 9
308.173, 51.5, -11.5, 11.66, 5.76205, 35.3277, 27.8, 0, 2014, 9
314.569, 45.5, -48.5, 13.05, 4.43891, 32.5588, 18.9, 0, 2014, 10
305.088, 46.5, -46.5, 12.11, 4.50663, 33.0852, 23.3, 0, 2014, 10
300.715, 46.5, -45.5, 11.93, 4.6817, 33.3888, 26.3, 0, 2014, 10
299.439, 46.5, -44.5, 12.07, 4.67657, 33.6957, 30.4, 0, 2014, 10
300.809, 46.5, -43.5, 12.41, 4.46259, 34.002, 33, 0, 2014, 10
303.521, 46.5, -42.5, 12.68, 4.24731, 34.3037, 37, 0, 2014, 10
310.958, 46.5, -41.5, 12.63, 4.21102, 34.5913, 43.9, 0, 2014, 10
315.483, 46.5, -40.5, 12.74, 4.13276, 34.8527, 52.7, 0, 2014, 10
312.181, 46.5, -39.5, 12.48, 3.78625, 35.0728, 57.7, 0, 2014, 10
315.413, 47.5, -39.5, 11.57, 3.83865, 34.8635, 57.5, 0, 2014, 10
309.059, 47.5, -38.5, 11.01, 3.59564, 35.0319, 62, 0, 2014, 10
312.83, 47.5, -37.5, 10.36, 3.44734, 35.1464, 64.9, 0, 2014, 10
315.652, 47.5, -36.5, 9.84, 3.52865, 35.1808, 66.2, 0, 2014, 10
317.193, 47.5, -35.5, 9.67, 3.94557, 35.2142, 65.8, 0, 2014, 10
314.828, 47.5, -34.5, 9.69, 4.09038, 35.2475, 64.4, 0, 2014, 10
315.199, 47.5, -33.5, 9.82, 4.13221, 35.2886, 62.5, 0, 2014, 10
314.881, 47.5, -32.5, 9.95, 4.16994, 35.3367, 60.5, 0, 2014, 10
312.58, 47.5, -31.5, 9.97, 4.24067, 35.3784, 58.5, 0, 2014, 10
311.298, 47.5, -30.5, 9.44, 3.92538, 35.4139, 56.7, 0, 2014, 10
312.542, 47.5, -29.5, 8.67, 3.43795, 35.4494, 55.1, 0, 2014, 10
312.467, 48.5, -29.5, 8.5, 3.35093, 35.3459, 56.3, 0, 2014, 10
312.163, 48.5, -28.5, 7.76, 2.85731, 35.3876, 54.9, 0, 2014, 10
314.507, 48.5, -27.5, 7, 2.41997, 35.4242, 53.9, 0, 2014, 10